Station Name,Tide Station ID,LATITUDE,LONGITUDE,NAVD88,MLLW,MLW,MTL,MSL,MHW,MHHW,NGS Position ID,hyper-datum,hyper-OPUS
Adak Island,9461380,51.8614151,-176.6411366,0.282,0,0.172,0.613,0.65,1.055,1.131,UW7919,https://tidesandcurrents.noaa.gov/datums.html?id=9461380,https://www.ngs.noaa.gov/OPUS/getDatasheet.jsp?PID=UW7919
AGNES COVE,9455120,59.7737766,-149.5892698,0.18,0,0.421,1.699,1.703,2.977,3.257,BBFJ01,https://tidesandcurrents.noaa.gov/datums.html?id=9455120,https://www.ngs.noaa.gov/OPUS/getDatasheet.jsp?PID=BBFJ01
"AGUCHIK ISLAND, KUKAK BAY",9456901,58.28750984,-154.2740231,-0.034,0,0.486,2.215,2.201,3.944,4.193,BBGD73,https://tidesandcurrents.noaa.gov/datums.html?id=9456901,https://www.ngs.noaa.gov/OPUS/getDatasheet.jsp?PID=BBGD73
"AIALIK BAY, NORTH END",9455145,59.9533,-149.715,,0,0.41,1.686,1.685,2.962,3.237,,https://tidesandcurrents.noaa.gov/datums.html?id=9455145,
"Akun Cove, Akun Island",9462719,54.23891388,-165.5411693,-0.218,0,0.15,0.515,0.523,0.88,0.94,BBBH93,https://tidesandcurrents.noaa.gov/datums.html?id=9462719,https://www.ngs.noaa.gov/OPUS/getDatasheet.jsp?PID=BBBH93
"Akutan, Alaska",9462694,54.13311359,-165.7769667,-0.029,0,0.274,0.659,0.661,1.044,1.138,BBBH20,https://tidesandcurrents.noaa.gov/datums.html?id=9462694,https://www.ngs.noaa.gov/OPUS/getDatasheet.jsp?PID=BBBH20
"ALAKANUK, YUKON RIVER AK",9467645,62.68621894,-164.6669357,-1.786,0,0.047,0.285,0.278,0.521,0.72,BBHM71,https://tidesandcurrents.noaa.gov/datums.html?id=9467645,https://www.ngs.noaa.gov/OPUS/getDatasheet.jsp?PID=BBHM71
Alitak,9457804,56.89723175,-154.2450034,0.863,0,0.479,1.905,1.882,3.332,3.576,BBBB49,https://tidesandcurrents.noaa.gov/datums.html?id=9457804,https://www.ngs.noaa.gov/OPUS/getDatasheet.jsp?PID=BBBB49
Anchor Point,9451317,56.63859199,-132.9273335,1.031,0,0.473,2.537,2.5,4.602,4.875,BBBC59,https://tidesandcurrents.noaa.gov/datums.html?id=9451317,https://www.ngs.noaa.gov/OPUS/getDatasheet.jsp?PID=BBBC59
"Anchor Point, Cook Inlet",9455606,59.7691907,-151.8670796,1.729,0,0.532,2.949,2.96,5.366,5.604,BBBK76,https://tidesandcurrents.noaa.gov/datums.html?id=9455606,https://www.ngs.noaa.gov/OPUS/getDatasheet.jsp?PID=BBBK76
Anchorage,9455920,61.239552,-149.887708,3.206,0,0.685,4.676,5.02,8.667,8.889,TT0711,https://tidesandcurrents.noaa.gov/datums.html?id=9455920,
Applegate Island,9454794,60.6233,-148.165,0.36,0,0.454,1.932,1.975,3.41,3.689,BBGN48,https://tidesandcurrents.noaa.gov/datums.html?id=9454794,https://www.ngs.noaa.gov/OPUS/getDatasheet.jsp?PID=BBGN48
Atka,9461710,52.23373145,-174.1728532,0.257,0,0.157,0.566,0.599,0.975,1.042,BBFL95,https://tidesandcurrents.noaa.gov/datums.html?id=9461710,https://www.ngs.noaa.gov/OPUS/getDatasheet.jsp?PID=BBFL95
"ATTU, MASSACRE BAY",9460150,52.84,173.195,,,,,0.591,,,,https://tidesandcurrents.noaa.gov/datums.html?id=9460150,
Bainbridge Point,9454755,60.1967,-148.042,,0,0.45,1.877,1.91,3.304,3.594,,https://tidesandcurrents.noaa.gov/datums.html?id=9454755,
"Baranof, Warm Spring Bay",9451625,57.08833333,-134.82,,0,0.47,2.199,2.212,3.927,4.2,BBBG42,https://tidesandcurrents.noaa.gov/datums.html?id=9451625,https://www.ngs.noaa.gov/OPUS/getDatasheet.jsp?PID=BBBG42
Barlow Cove,9452318,58.3217,-134.878,,0,0.482,2.503,2.536,4.523,4.816,,https://tidesandcurrents.noaa.gov/datums.html?id=9452318,
Barrow Offshore,9494935,71.32378253,-156.6645099,-0.823,0,0.018,0.092,0.094,0.166,0.202,BBBG78,https://tidesandcurrents.noaa.gov/datums.html?id=9494935,https://www.ngs.noaa.gov/OPUS/getDatasheet.jsp?PID=BBBG78
Barter Island,9499176,70.12821277,-143.6073885,-1.02,0,0.009,0.08,0.085,0.151,0.184,BBBG90,https://tidesandcurrents.noaa.gov/datums.html?id=9499176,https://www.ngs.noaa.gov/OPUS/getDatasheet.jsp?PID=BBBG90
"BEAR COVE, AIALIK PENINSULA, KENAI PENIN",9455128,59.8017,-149.615,0.223,0,0.409,1.68,1.683,2.95,3.223,BBGV79,https://tidesandcurrents.noaa.gov/datums.html?id=9455128,https://www.ngs.noaa.gov/OPUS/getDatasheet.jsp?PID=BBGV79
"Bear Cove, Kachemak Bay",9455595,59.725,-151.023,,0,0.506,2.969,2.999,5.433,5.684,,https://tidesandcurrents.noaa.gov/datums.html?id=9455595,
"BECK ISLAND, CLARENCE STRAIT",9450906,56.0467,-132.862,,0,0.485,2.564,2.553,4.643,4.92,,https://tidesandcurrents.noaa.gov/datums.html?id=9450906,
Beecher Pass,9451287,56.595,-132.987,,0,0.468,2.457,2.409,4.445,4.716,,https://tidesandcurrents.noaa.gov/datums.html?id=9451287,
"Bethel, Kuskokwim River, AK",9466477,60.7912893,-161.7556534,-2.141,0,0.105,0.474,0.493,0.843,1.117,BBCC65,https://tidesandcurrents.noaa.gov/datums.html?id=9466477,https://www.ngs.noaa.gov/OPUS/getDatasheet.jsp?PID=BBCC65
Big Salt Lake,9450623,55.6,-132.95,,,,,,0,0.22,,https://tidesandcurrents.noaa.gov/datums.html?id=9450623,
"Biorka Village, Biverly Inlet",9462645,53.82954994,-166.2160266,0.195,0,0.352,0.887,0.877,1.422,1.554,BBBF92,https://tidesandcurrents.noaa.gov/datums.html?id=9462645,https://www.ngs.noaa.gov/OPUS/getDatasheet.jsp?PID=BBBF92
"Bird Island, Shumagin Bank",9459251,54.835,-159.76,,0,0.417,1.172,1.158,1.928,2.148,,https://tidesandcurrents.noaa.gov/datums.html?id=9459251,
"BLACK ROCK, WALRUS IS BRISTOL B",9465182,58.7083,-160.188,,0,0.505,1.623,1.63,2.74,3.066,,https://tidesandcurrents.noaa.gov/datums.html?id=9465182,
"BLACKSTONE BAY, PR. WILLIAM SOUND",9454907,60.764638,-148.5237408,0.136,0,0.455,1.937,1.977,3.419,3.696,UW7355,https://tidesandcurrents.noaa.gov/datums.html?id=9454907,https://www.ngs.noaa.gov/OPUS/getDatasheet.jsp?PID=UW7355
Blashke Island,9450973,56.1267,-132.895,,0,0.447,2.498,2.471,4.548,4.822,,https://tidesandcurrents.noaa.gov/datums.html?id=9450973,
"BLIGH ISLAND, T-16",9454381,60.8067,-146.798,,0,0.457,1.933,1.958,3.41,3.688,,https://tidesandcurrents.noaa.gov/datums.html?id=9454381,
"BLUE FjORD, PORT NELLIE JUAN",9454818,60.49212166,-148.24481,0.463,0,0.473,1.956,1.997,3.439,3.72,BBFR62,https://tidesandcurrents.noaa.gov/datums.html?id=9454818,https://www.ngs.noaa.gov/OPUS/getDatasheet.jsp?PID=BBFR62
BOCA DE QUADRA,9450305,55.1167,-130.798,,0,0.468,2.407,2.409,4.346,4.613,,https://tidesandcurrents.noaa.gov/datums.html?id=9450305,
BOULDER POINT,9455777,60.77666667,-151.245,,0,0.664,3.433,3.514,6.202,6.416,,https://tidesandcurrents.noaa.gov/datums.html?id=9455777,
Bradfield Canal,9451012,56.1833,-131.572,,0,0.474,2.622,2.608,4.77,5.055,,https://tidesandcurrents.noaa.gov/datums.html?id=9451012,
Broad Bight,9462676,54.06447923,-165.9371383,0.328,0,0.439,0.987,0.97,1.534,1.694,BBDC14,https://tidesandcurrents.noaa.gov/datums.html?id=9462676,https://www.ngs.noaa.gov/OPUS/getDatasheet.jsp?PID=BBDC14
"Burrough Bay, Behm Canal",9450914,56.03833333,-131.095,,0,0.474,2.523,2.517,4.572,4.846,,https://tidesandcurrents.noaa.gov/datums.html?id=9450914,
Busby Island,9454374,60.8983,-146.782,,0,0.448,1.904,1.938,3.359,3.632,,https://tidesandcurrents.noaa.gov/datums.html?id=9454374,
"BUSHY ISLAND, SNOW PASSAGE",9451074,56.2767,-132.985,,0,0.445,2.336,2.305,4.228,4.492,,https://tidesandcurrents.noaa.gov/datums.html?id=9451074,
"CAMP COVE, HARRIS PENNINSULA",9455151,59.694029,-149.748867,0.249,0,0.416,1.696,1.7,2.976,3.25,BBGQ36,https://tidesandcurrents.noaa.gov/datums.html?id=9455151,https://www.ngs.noaa.gov/OPUS/getDatasheet.jsp?PID=BBGQ36
"CANNERY WHARF, GAMBIER BAY",9451906,57.4833,-133.96,,0,0.47,2.395,2.427,4.319,4.597,,https://tidesandcurrents.noaa.gov/datums.html?id=9451906,
"Cape Chunak, AK",9462941,55.04924414,-163.5372818,,0,0.55,1.324,1.309,2.098,2.273,BBDN08,https://tidesandcurrents.noaa.gov/datums.html?id=9462941,https://www.ngs.noaa.gov/OPUS/getDatasheet.jsp?PID=BBDN08
"CAPE CONSTANTINE, NUSHAGAK PENINSULA",9464961,58.4,-158.917,,0,0.596,1.834,1.844,3.072,3.4,,https://tidesandcurrents.noaa.gov/datums.html?id=9464961,
Cape Corwin GPS Tide Buoy AK,9465988,60.005,-165.591667,,0,0.227,1.133,1.136,2.04,2.183,,https://tidesandcurrents.noaa.gov/datums.html?id=9465988,
"Cape Espenberg, Kotzebue Sound",9490096,66.58569961,-164.2506926,,0,0.05,0.16,0.159,0.27,0.302,BBDX45,https://tidesandcurrents.noaa.gov/datums.html?id=9490096,https://www.ngs.noaa.gov/OPUS/getDatasheet.jsp?PID=BBDX45
Cape Hichinbrook,9454329,60.2383,-146.648,,0,0.451,1.801,1.813,3.15,3.427,,https://tidesandcurrents.noaa.gov/datums.html?id=9454329,
Cape Kasilof,9455711,60.3367,-151.38,,0,0.619,3.27,3.315,5.922,6.123,,https://tidesandcurrents.noaa.gov/datums.html?id=9455711,
Cape Krusenstern,9490571,67.06262987,-163.2992853,-0.959,0,0.037,0.111,0.071,0.184,0.201,BBCK40,https://tidesandcurrents.noaa.gov/datums.html?id=9490571,https://www.ngs.noaa.gov/OPUS/getDatasheet.jsp?PID=BBCK40
"CAPE PEIRCE, WEST SIDE AK",9465137,58.627953,-161.835932,-0.107,0,0.174,0.845,0.856,1.516,1.936,BBGQ42,https://tidesandcurrents.noaa.gov/datums.html?id=9465137,https://www.ngs.noaa.gov/OPUS/getDatasheet.jsp?PID=BBGQ42
"Cape Sarichef, Unimak Island",9462787,54.6,-164.928,,0,0.6,1.01,0.908,1.412,1.518,,https://tidesandcurrents.noaa.gov/datums.html?id=9462787,
"Carter Bay, Kuskokwim Bay",9465601,59.35917658,-161.954946,0.4,0,0.202,1.372,1.432,2.541,3.255,BBCK45,https://tidesandcurrents.noaa.gov/datums.html?id=9465601,https://www.ngs.noaa.gov/OPUS/getDatasheet.jsp?PID=BBCK45
Castle Bay,9458907,56.2317,-158.347,,0,0.437,1.439,1.417,2.441,2.689,,https://tidesandcurrents.noaa.gov/datums.html?id=9458907,
Chankliut Island,9458849,56.1467,-158.107,,0,0.425,1.388,1.367,2.351,2.592,,https://tidesandcurrents.noaa.gov/datums.html?id=9458849,
"CHEFORNAK, KINIA RIVER AK",9466084,60.15835571,-164.2711607,-0.512,0,0.16,0.721,0.754,1.281,1.556,BBHK20,https://tidesandcurrents.noaa.gov/datums.html?id=9466084,https://www.ngs.noaa.gov/OPUS/getDatasheet.jsp?PID=BBHK20
CHENEGA ISLAND (S.W. END),9454777,60.2833,-148.113,,0,0.455,1.891,1.92,3.327,3.601,,https://tidesandcurrents.noaa.gov/datums.html?id=9454777,
"CHIGNIK, ANCHORAGE BAY",9458917,56.29620422,-158.406308,,0,0.441,1.459,1.432,2.477,2.722,BBDW14,https://tidesandcurrents.noaa.gov/datums.html?id=9458917,https://www.ngs.noaa.gov/OPUS/getDatasheet.jsp?PID=BBDW14
CHILKAT INLET,9452421,59.17144263,-135.3995062,1.402,0,0.482,2.598,2.639,4.713,5.021,BBDX55,https://tidesandcurrents.noaa.gov/datums.html?id=9452421,https://www.ngs.noaa.gov/OPUS/getDatasheet.jsp?PID=BBDX55
"CHINULNA POINT, COOK INLET",9455735,60.5033,-151.283,,0,0.645,3.385,3.475,6.126,6.354,,https://tidesandcurrents.noaa.gov/datums.html?id=9455735,
Chirikof Island,9458293,55.81385627,-155.7402687,0.497,0,0.452,1.435,1.405,2.419,2.673,BBBG99,https://tidesandcurrents.noaa.gov/datums.html?id=9458293,https://www.ngs.noaa.gov/OPUS/getDatasheet.jsp?PID=BBBG99
Chowiet island,9458519,56.05212542,-156.6982206,0.419,0,0.432,1.46,1.432,2.488,2.729,BBFM57,https://tidesandcurrents.noaa.gov/datums.html?id=9458519,https://www.ngs.noaa.gov/OPUS/getDatasheet.jsp?PID=BBFM57
"CLARKS POINT, NUSHAGAK BAY",9465261,58.84318411,-158.5544754,2.295,0,0.812,3.285,3.343,5.757,6.301,UV7281,https://tidesandcurrents.noaa.gov/datums.html?id=9465261,https://www.ngs.noaa.gov/OPUS/getDatasheet.jsp?PID=UV7281
COAL POINT,9455558,59.60139,-151.41056,1.545,0,0.505,2.934,2.967,5.362,5.618,BBGD31,https://tidesandcurrents.noaa.gov/datums.html?id=9455558,https://www.ngs.noaa.gov/OPUS/getDatasheet.jsp?PID=BBGD31
"COCHRANE BAY, PR. WILLIAM SOUND",9454851,60.6633,-148.357,,0,0.46,1.958,2.002,3.457,3.731,,https://tidesandcurrents.noaa.gov/datums.html?id=9454851,
Cold Bay,9459949,55.20833333,-162.6983333,,0,0.408,1.228,1.216,2.048,2.262,,https://tidesandcurrents.noaa.gov/datums.html?id=9459949,
Columbia Glacier,9454460,61.0233,-147.085,,0,0.456,1.92,1.961,3.384,3.659,,https://tidesandcurrents.noaa.gov/datums.html?id=9454460,
Cordova,9454050,60.55759854,-145.7556817,0.638,0,0.459,2.009,2.056,3.558,3.838,BBBD28,https://tidesandcurrents.noaa.gov/datums.html?id=9454050,https://www.ngs.noaa.gov/OPUS/getDatasheet.jsp?PID=BBBD28
Cove Point,9452346,58.75158786,-135.0275096,0.97,0,0.488,2.561,2.6,4.634,4.927,BBDF44,https://tidesandcurrents.noaa.gov/datums.html?id=9452346,https://www.ngs.noaa.gov/OPUS/getDatasheet.jsp?PID=BBDF44
CRAIG,9450551,55.48871608,-133.1419958,0.347,0,0.418,1.63,1.627,2.842,3.101,BBFP37,https://tidesandcurrents.noaa.gov/datums.html?id=9450551,https://www.ngs.noaa.gov/OPUS/getDatasheet.jsp?PID=BBFP37
"CRATER BAY, HARRIS BAY",9455159,59.7133,-149.787,,0,0.4,1.694,1.698,2.988,3.266,,https://tidesandcurrents.noaa.gov/datums.html?id=9455159,
"Custom House Cove, Mary Island",9450296,55.09612379,-131.2224704,1.215,0,0.474,2.422,2.428,4.37,4.646,BBBW71,https://tidesandcurrents.noaa.gov/datums.html?id=9450296,https://www.ngs.noaa.gov/OPUS/getDatasheet.jsp?PID=BBBW71
"DAGO CREEK MOUTH, UGASHIK BAY AK",9464512,57.61466754,-157.6001164,0.932,0,0.507,2.092,2.097,3.676,4.132,BBHM45,https://tidesandcurrents.noaa.gov/datums.html?id=9464512,https://www.ngs.noaa.gov/OPUS/getDatasheet.jsp?PID=BBHM45
Dall Point,9466931,61.53061155,-166.1475733,-0.703,0,0.113,0.628,0.561,1.143,1.358,BBBF18,https://tidesandcurrents.noaa.gov/datums.html?id=9466931,https://www.ngs.noaa.gov/OPUS/getDatasheet.jsp?PID=BBBF18
Deering,9469751,66.09542184,-162.7550656,-0.896,0,0.085,0.291,0.292,0.497,0.557,BBCK37,https://tidesandcurrents.noaa.gov/datums.html?id=9469751,https://www.ngs.noaa.gov/OPUS/getDatasheet.jsp?PID=BBCK37
"Dolgoi Harbor, Dolgoi Island",9459758,55.11905554,-161.7920724,,0,0.4,1.132,1.114,1.865,2.068,BBBH45,https://tidesandcurrents.noaa.gov/datums.html?id=9459758,https://www.ngs.noaa.gov/OPUS/getDatasheet.jsp?PID=BBBH45
Dorothy Cove,9451376,56.7217,-135.075,,0,0.419,1.559,1.553,2.699,2.928,,https://tidesandcurrents.noaa.gov/datums.html?id=9451376,
"Dry Pass, EL Capitan Passage",9450998,56.16263129,-133.4156464,0.459,0,0.425,1.877,1.872,3.329,3.58,BBCV62,https://tidesandcurrents.noaa.gov/datums.html?id=9450998,https://www.ngs.noaa.gov/OPUS/getDatasheet.jsp?PID=BBCV62
Dunbar Inlet GPS Tide Buoy,9450286,55.08833333,-132.815,,0,0.47,2.092,2.091,3.713,3.977,,https://tidesandcurrents.noaa.gov/datums.html?id=9450286,
Eastern Nunivak Island,9466012,60.04355609,-165.6792907,0.197,0,0.216,1.148,1.151,2.079,2.214,BBFG52,https://tidesandcurrents.noaa.gov/datums.html?id=9466012,https://www.ngs.noaa.gov/OPUS/getDatasheet.jsp?PID=BBFG52
"EGEGIK, EGEGIK R, BRISTOL BAY AK",9464874,58.21095116,-157.3761649,0.983,0,0.467,2.308,2.251,4.148,4.64,BBHM19,https://tidesandcurrents.noaa.gov/datums.html?id=9464874,https://www.ngs.noaa.gov/OPUS/getDatasheet.jsp?PID=BBHM19
EL Capitan Passage,9450997,56.163544,-133.330492,0.391,0,0.423,1.787,1.786,3.151,3.402,BBCV41,https://tidesandcurrents.noaa.gov/datums.html?id=9450997,https://www.ngs.noaa.gov/OPUS/getDatasheet.jsp?PID=BBCV41
Elfin Cove,9452634,58.1947181,-136.3469205,0.305,0,0.445,1.765,1.747,3.084,3.354,BBBB67,https://tidesandcurrents.noaa.gov/datums.html?id=9452634,https://www.ngs.noaa.gov/OPUS/getDatasheet.jsp?PID=BBBB67
"ELIM, NORTON BAY AK",9468863,64.6167,-162.248,-0.794,0,0.165,0.442,0.389,0.719,0.799,DF3657,https://tidesandcurrents.noaa.gov/datums.html?id=9468863,https://www.ngs.noaa.gov/OPUS/getDatasheet.jsp?PID=DF3657
Emmonak,9467701,62.778196,-164.546357,-1.929,0,0.048,0.234,0.244,0.421,0.608,BBGM79,https://tidesandcurrents.noaa.gov/datums.html?id=9467701,https://www.ngs.noaa.gov/OPUS/getDatasheet.jsp?PID=BBGM79
Entrance Island,9451438,56.8117,-133.787,,0,0.47,2.323,2.332,4.177,4.438,,https://tidesandcurrents.noaa.gov/datums.html?id=9451438,
Entrance to Windy Cove,9450251,55.03509991,-133.023935,0.747,0,0.468,2.086,2.086,3.704,3.972,BBFG38,https://tidesandcurrents.noaa.gov/datums.html?id=9450251,https://www.ngs.noaa.gov/OPUS/getDatasheet.jsp?PID=BBFG38
EXCURSION INLET (SOUTH END),9452437,58.4167,-135.447,0.729,0,0.482,2.379,2.401,4.275,4.547,BBHQ82,https://tidesandcurrents.noaa.gov/datums.html?id=9452437,https://www.ngs.noaa.gov/OPUS/getDatasheet.jsp?PID=BBHQ82
"False Bay, Chatham Strait",9452328,57.96885981,-134.9382222,,0,0.489,2.401,2.425,4.314,4.597,BBBG34,https://tidesandcurrents.noaa.gov/datums.html?id=9452328,https://www.ngs.noaa.gov/OPUS/getDatasheet.jsp?PID=BBBG34
"False Pass, Unimak Island",9462955,54.85465713,-163.4092595,-0.111,0,0.263,0.72,0.745,1.177,1.267,BBFQ93,https://tidesandcurrents.noaa.gov/datums.html?id=9462955,https://www.ngs.noaa.gov/OPUS/getDatasheet.jsp?PID=BBFQ93
"Fire Island, Cook Inlet",9455912,61.17296821,-150.199845,3.052,0,0.672,4.329,4.537,7.986,8.203,BBDG04,https://tidesandcurrents.noaa.gov/datums.html?id=9455912,https://www.ngs.noaa.gov/OPUS/getDatasheet.jsp?PID=BBDG04
Geese Island GPS Tide Buoy,9457726,56.595,-153.9966667,,0,0.375,1.429,1.405,2.483,2.67,,https://tidesandcurrents.noaa.gov/datums.html?id=9457726,
Golf Island,9451421,56.7867,-135.393,,0,0.431,1.578,1.572,2.726,2.958,,https://tidesandcurrents.noaa.gov/datums.html?id=9451421,
"GOOD ISLAND, GAMBIER BAY",9451909,57.4867,-133.898,,0,0.465,2.411,2.438,4.357,4.649,,https://tidesandcurrents.noaa.gov/datums.html?id=9451909,
Goodhope Bay,9469833,66.2,-163.9033333,,0,0.062,0.27,0.268,0.477,0.514,BBDX07,https://tidesandcurrents.noaa.gov/datums.html?id=9469833,https://www.ngs.noaa.gov/OPUS/getDatasheet.jsp?PID=BBDX07
"Goose Creek, Cook Inlet",9455963,61.39216073,-149.8459745,3.518,0,0.681,4.953,5.386,9.225,9.456,BBDG16,https://tidesandcurrents.noaa.gov/datums.html?id=9455963,https://www.ngs.noaa.gov/OPUS/getDatasheet.jsp?PID=BBDG16
Green Bight,9462705,54.11450899,-165.6701962,0.173,0,0.404,0.887,0.873,1.37,1.528,BBDC39,https://tidesandcurrents.noaa.gov/datums.html?id=9462705,https://www.ngs.noaa.gov/OPUS/getDatasheet.jsp?PID=BBDC39
Guguak,9454751,60.1,-148.038,,0,0.44,1.841,1.86,3.242,3.527,,https://tidesandcurrents.noaa.gov/datums.html?id=9454751,
Hawk Inlet,9452294,58.12666667,-134.7583333,,0,0.475,2.432,2.466,4.39,4.661,,https://tidesandcurrents.noaa.gov/datums.html?id=9452294,
Helmick Point,9466153,60.27014582,-162.4095834,0.027,0,0.196,1.357,1.451,2.518,3.104,BBCC55,https://tidesandcurrents.noaa.gov/datums.html?id=9466153,https://www.ngs.noaa.gov/OPUS/getDatasheet.jsp?PID=BBCC55
"Herendeen Island, Shumagin Islands",9459163,55.0664687,-159.4202604,0.267,0,0.413,1.216,1.199,2.02,2.252,BBBK57,https://tidesandcurrents.noaa.gov/datums.html?id=9459163,https://www.ngs.noaa.gov/OPUS/getDatasheet.jsp?PID=BBBK57
"HERRING POINT, KNIGHT ISLAND, PR WIL SND",9454691,60.475,-147.792,,0,0.453,1.905,1.944,3.357,3.634,,https://tidesandcurrents.noaa.gov/datums.html?id=9454691,
"HOLKHAM BAY, STEPHENS PASSAGE",9452067,57.76,-133.603,,0,0.47,2.473,2.508,4.476,4.758,,https://tidesandcurrents.noaa.gov/datums.html?id=9452067,
"Hollis Anchorage, Kasaan Bay",9450544,55.48,-132.645,,0,0.485,2.525,2.522,4.564,4.84,,https://tidesandcurrents.noaa.gov/datums.html?id=9450544,
"Hoonah, Port Fredrick",9452438,58.10790649,-135.4471571,1.082,0,0.477,2.385,2.414,4.293,4.575,BBBQ31,https://tidesandcurrents.noaa.gov/datums.html?id=9452438,https://www.ngs.noaa.gov/OPUS/getDatasheet.jsp?PID=BBBQ31
"Hump Island, Kuiukta Bay",9458964,56.1133,-158.598,,0,0.412,1.293,1.276,2.174,2.418,,https://tidesandcurrents.noaa.gov/datums.html?id=9458964,
"Hydaburg, Sukkwan Strait",9450364,55.20219481,-132.8230791,0.799,0,0.472,2.086,2.075,3.7,3.974,BBCM84,https://tidesandcurrents.noaa.gov/datums.html?id=9450364,https://www.ngs.noaa.gov/OPUS/getDatasheet.jsp?PID=BBCM84
Ikpek Lagoon,9469626,65.8933,-167.273,,0,0.023,0.085,0.09,0.147,0.161,,https://tidesandcurrents.noaa.gov/datums.html?id=9469626,
ISANOTSKI STRAIT ENTRANCE,9462961,54.78149173,-163.3633684,0.249,0,0.414,1.111,1.097,1.808,2.01,BBDN11,https://tidesandcurrents.noaa.gov/datums.html?id=9462961,https://www.ngs.noaa.gov/OPUS/getDatasheet.jsp?PID=BBDN11
"Japanese Bay, Kodiak Island",9457634,56.95985624,-153.6908646,0.174,0,0.354,1.34,1.335,2.325,2.511,BBDQ89,https://tidesandcurrents.noaa.gov/datums.html?id=9457634,https://www.ngs.noaa.gov/OPUS/getDatasheet.jsp?PID=BBDQ89
Juneau,9452210,58.29993878,-134.4144304,1.119,0,0.488,2.582,2.617,4.676,4.971,BBFQ10,https://tidesandcurrents.noaa.gov/datums.html?id=9452210,https://www.ngs.noaa.gov/OPUS/getDatasheet.jsp?PID=BBFQ10
"Kake Harbor, Keku Strait",9451528,56.94891062,-133.8946817,0.882,0,0.466,2.265,2.288,4.065,4.34,BBBQ32,https://tidesandcurrents.noaa.gov/datums.html?id=9451528,https://www.ngs.noaa.gov/OPUS/getDatasheet.jsp?PID=BBBQ32
"KALIGAN ISLAND (NORTH END), COOK INLET",9455732,60.5117,-151.952,,0,0.605,3.04,3.101,5.475,5.707,,https://tidesandcurrents.noaa.gov/datums.html?id=9455732,
Kasaan Bay,9450581,55.53483191,-132.3966853,1.025,0,0.482,2.494,2.49,4.506,4.781,BBGC40,https://tidesandcurrents.noaa.gov/datums.html?id=9450581,https://www.ngs.noaa.gov/OPUS/getDatasheet.jsp?PID=BBGC40
KASEGALUK LAGOON AK,9493291,69.73192524,-163.022996,-1.074,,,,0,,,DM5174,https://tidesandcurrents.noaa.gov/datums.html?id=9493291,https://www.ngs.noaa.gov/OPUS/getDatasheet.jsp?PID=DM5174
"Kasitsna Bay, Kachemak Bay",9455517,59.4678327,-151.5517683,1.546,0,0.514,2.9,2.933,5.285,5.531,BBFH92,https://tidesandcurrents.noaa.gov/datums.html?id=9455517,https://www.ngs.noaa.gov/OPUS/getDatasheet.jsp?PID=BBFH92
"Kavalghak Bay, AK AK",9468261,63.68286,-171.75019,-0.2,0,0.111,0.398,0.374,0.684,0.737,BBGM57,https://tidesandcurrents.noaa.gov/datums.html?id=9468261,https://www.ngs.noaa.gov/OPUS/getDatasheet.jsp?PID=BBGM57
Ketchikan,9450460,55.33296173,-131.6255055,1.135,0,0.479,2.456,2.458,4.432,4.708,AI4914,https://tidesandcurrents.noaa.gov/datums.html?id=9450460,https://www.ngs.noaa.gov/OPUS/getDatasheet.jsp?PID=AI4914
Kinak Bay,9465953,59.94714017,-164.2096864,0.435,0,0.358,1.393,1.451,2.428,2.862,BBFG53,https://tidesandcurrents.noaa.gov/datums.html?id=9465953,https://www.ngs.noaa.gov/OPUS/getDatasheet.jsp?PID=BBFG53
King Cove,9459881,55.05935019,-162.3236661,0.163,0,0.404,1.138,1.124,1.872,2.081,BBBD25,https://tidesandcurrents.noaa.gov/datums.html?id=9459881,https://www.ngs.noaa.gov/OPUS/getDatasheet.jsp?PID=BBBD25
"KINGS BAY INSIDE, PRINCE WILLIAM SOUND",9454951,60.4567,-148.665,,0,0.477,1.977,2.022,3.477,3.759,,https://tidesandcurrents.noaa.gov/datums.html?id=9454951,
"KIPNUK, KUGUKLIK RIVER AK",9465951,59.94302828,-164.0419538,0.167,0,0.258,1.178,1.242,2.098,2.525,BBHJ83,https://tidesandcurrents.noaa.gov/datums.html?id=9465951,https://www.ngs.noaa.gov/OPUS/getDatasheet.jsp?PID=BBHJ83
Kivalina,9491253,67.72474461,-164.5327891,-0.794,0,0.029,0.132,0.134,0.234,0.275,BBBH52,https://tidesandcurrents.noaa.gov/datums.html?id=9491253,https://www.ngs.noaa.gov/OPUS/getDatasheet.jsp?PID=BBBH52
Kivalina Lagoon,9491247,67.7267,-164.532,,,,,1.46,,,,https://tidesandcurrents.noaa.gov/datums.html?id=9491247,
Kodiak Island,9457292,57.73022876,-152.5135088,0.224,0,0.335,1.367,1.372,2.4,2.675,BBCY46,https://tidesandcurrents.noaa.gov/datums.html?id=9457292,https://www.ngs.noaa.gov/OPUS/getDatasheet.jsp?PID=BBCY46
"KODIAK, ST PAULS HARBOR",9457283,57.7317,-152.512,-0.001,0,0.343,1.357,1.356,2.37,2.652,BBCK29,https://tidesandcurrents.noaa.gov/datums.html?id=9457283,https://www.ngs.noaa.gov/OPUS/getDatasheet.jsp?PID=BBCK29
"KOTLIK, KOTLIK RIVER, AK AK",9467861,63.03617298,-163.526694,-0.92,0,0.053,0.385,0.357,0.717,0.981,DM4108,https://tidesandcurrents.noaa.gov/datums.html?id=9467861,https://www.ngs.noaa.gov/OPUS/getDatasheet.jsp?PID=DM4108
Kotzebue,9490424,66.90166814,-162.5818427,-1.005,0,0.04,0.118,0.103,0.196,0.217,BBBH54,https://tidesandcurrents.noaa.gov/datums.html?id=9490424,https://www.ngs.noaa.gov/OPUS/getDatasheet.jsp?PID=BBBH54
Koyuk,9469031,64.931458,-161.139804,-0.842,0,0.072,0.453,0.413,0.834,0.905,BBGY59,https://tidesandcurrents.noaa.gov/datums.html?id=9469031,https://www.ngs.noaa.gov/OPUS/getDatasheet.jsp?PID=BBGY59
"Kuiu Island, Affleck Canal",9450913,56.0369,-134.115,,0,0.423,1.737,1.738,3.052,3.27,,https://tidesandcurrents.noaa.gov/datums.html?id=9450913,
KUJULIK BAY (NORTH SHORE),9458819,56.6133,-157.983,,0,0.455,1.549,1.512,2.643,2.893,,https://tidesandcurrents.noaa.gov/datums.html?id=9458819,
KULUKAK POINT AK,9465265,58.839417,-159.65011,0.622,0,0.736,1.85,1.848,2.964,3.45,BBGN52,https://tidesandcurrents.noaa.gov/datums.html?id=9465265,https://www.ngs.noaa.gov/OPUS/getDatasheet.jsp?PID=BBGN52
Kun River AK,9467124,61.84167,-165.5667,-0.105,0,0.267,1.001,0.974,1.735,1.97,BBHB51,https://tidesandcurrents.noaa.gov/datums.html?id=9467124,https://www.ngs.noaa.gov/OPUS/getDatasheet.jsp?PID=BBHB51
Kwigillinok AK,9465911,59.880558,-163.165742,0.279,0,0.185,1.357,1.447,2.529,3.166,BBGM54,https://tidesandcurrents.noaa.gov/datums.html?id=9465911,https://www.ngs.noaa.gov/OPUS/getDatasheet.jsp?PID=BBGM54
Lagoon at 165 West,9469982,66.4617,-165.055,,,,,0.928,,,,https://tidesandcurrents.noaa.gov/datums.html?id=9469982,
"Larsen Bay, Kodiak Island, AK",9457724,57.54039265,-153.9788146,1.091,0,0.492,2.199,2.176,3.907,4.189,BBBL07,https://tidesandcurrents.noaa.gov/datums.html?id=9457724,https://www.ngs.noaa.gov/OPUS/getDatasheet.jsp?PID=BBBL07
Latouche,9454713,60.0533,-147.907,,0,0.448,1.851,1.881,3.255,3.544,,https://tidesandcurrents.noaa.gov/datums.html?id=9454713,
LECONTE BAY,9451422,56.7883,-132.502,,0,0.48,2.533,2.57,4.586,4.88,,https://tidesandcurrents.noaa.gov/datums.html?id=9451422,
"LEVELOCK, KVICHAK RIVER AK",9465419,59.108693,-156.863409,-1.446,0,0.163,1.557,1.288,2.951,3.412,BBGN75,https://tidesandcurrents.noaa.gov/datums.html?id=9465419,https://www.ngs.noaa.gov/OPUS/getDatasheet.jsp?PID=BBGN75
Lindeman Cove,9450625,55.6017,-132.512,,0,0.483,2.505,2.502,4.528,4.802,,https://tidesandcurrents.noaa.gov/datums.html?id=9450625,
Lomavik,9466328,60.55420476,-162.2973653,-0.558,0,0.213,1.073,1.183,1.933,2.415,BBBZ38,https://tidesandcurrents.noaa.gov/datums.html?id=9466328,https://www.ngs.noaa.gov/OPUS/getDatasheet.jsp?PID=BBBZ38
Lopp Lagoon West,9469460,65.62,-168.02,,,,,,,,BBBH55,https://tidesandcurrents.noaa.gov/datums.html?id=9469460,https://www.ngs.noaa.gov/OPUS/getDatasheet.jsp?PID=BBBH55
"LOST RIVER, SEWARD PENINSULA",9469338,65.39,-167.145,,0,0.028,0.16,0.158,0.291,0.333,,https://tidesandcurrents.noaa.gov/datums.html?id=9469338,
LOUIS BAY,9454642,60.4617,-147.672,,0,0.477,1.94,1.975,3.404,3.674,,https://tidesandcurrents.noaa.gov/datums.html?id=9454642,
Macleod Harbor,9454674,59.89,-147.795,,0,0.441,1.797,1.818,3.154,3.411,,https://tidesandcurrents.noaa.gov/datums.html?id=9454674,
Madan Bay,9451152,56.3922,-132.169,,0,0.462,2.566,2.563,4.67,4.947,,https://tidesandcurrents.noaa.gov/datums.html?id=9451152,
"Magnetic Point, Union Bay, Earnest Sound",9450753,55.78839951,-132.1908514,1.274,0,0.476,2.546,2.539,4.617,4.888,BBBK46,https://tidesandcurrents.noaa.gov/datums.html?id=9450753,https://www.ngs.noaa.gov/OPUS/getDatasheet.jsp?PID=BBBK46
"Mekoryuk, Mekoryuk River Entrance",9466217,60.38575702,-166.1856757,0.185,0,0.196,1.173,1.177,2.149,2.323,BBFZ51,https://tidesandcurrents.noaa.gov/datums.html?id=9466217,https://www.ngs.noaa.gov/OPUS/getDatasheet.jsp?PID=BBFZ51
"Meshik, Port Heiden",9464075,56.90863816,-158.6835057,0.905,0,0.707,1.946,1.958,3.186,3.54,BBDG96,https://tidesandcurrents.noaa.gov/datums.html?id=9464075,https://www.ngs.noaa.gov/OPUS/getDatasheet.jsp?PID=BBDG96
"Metlakatla, Port Chester, AK",9450314,55.12764126,-131.5690601,1.174,0,0.472,2.366,2.363,4.26,4.531,BBFF94,https://tidesandcurrents.noaa.gov/datums.html?id=9450314,https://www.ngs.noaa.gov/OPUS/getDatasheet.jsp?PID=BBFF94
Mitrofania Island,9459016,55.88859209,-158.8187515,0.274,0,0.41,1.266,1.248,2.121,2.356,BBBH57,https://tidesandcurrents.noaa.gov/datums.html?id=9459016,https://www.ngs.noaa.gov/OPUS/getDatasheet.jsp?PID=BBBH57
Montague Island,9454616,60.025,-147.592,,0,0.441,1.834,1.853,3.227,3.506,,https://tidesandcurrents.noaa.gov/datums.html?id=9454616,
Monte Carlo Island,9451247,56.53526489,-133.767167,0.62,0,0.45,2.028,2.013,3.606,3.861,BBBG77,https://tidesandcurrents.noaa.gov/datums.html?id=9451247,https://www.ngs.noaa.gov/OPUS/getDatasheet.jsp?PID=BBBG77
Moraine Bay,9453443,59.93,-141.363,,0,0.412,1.564,1.565,2.716,2.969,,https://tidesandcurrents.noaa.gov/datums.html?id=9453443,
MOUNTAIN POINT,9451409,56.74,-132.9580556,,0,0.449,2.592,2.594,4.735,5.028,,https://tidesandcurrents.noaa.gov/datums.html?id=9451409,
Nachalni Island,9457407,57.97926656,-152.9262811,1.126,0,0.541,2.224,2.215,3.908,4.166,BBDP28,https://tidesandcurrents.noaa.gov/datums.html?id=9457407,https://www.ngs.noaa.gov/OPUS/getDatasheet.jsp?PID=BBDP28
"NAKCHAMIK ISLAND, CHIGNIK BAY",9458779,56.3517,-157.812,,0,0.444,1.469,1.444,2.495,2.741,,https://tidesandcurrents.noaa.gov/datums.html?id=9458779,
Naknek AK,9465203,58.733521,-156.988005,1.369,0,0.394,3.022,2.787,5.649,6.109,BBGN15,https://tidesandcurrents.noaa.gov/datums.html?id=9465203,https://www.ngs.noaa.gov/OPUS/getDatasheet.jsp?PID=BBGN15
"NE SIDE SUMMIT ISLAND, TOGIAK BAY A",9465283,58.8467,-160.21,,0,0.455,1.667,1.735,2.878,3.329,,https://tidesandcurrents.noaa.gov/datums.html?id=9465283,
"Nelson Island, Tooksook Bay",9466298,60.51858026,-165.1423217,0.485,0,0.317,1.5,1.503,2.682,2.805,BBBZ36,https://tidesandcurrents.noaa.gov/datums.html?id=9466298,https://www.ngs.noaa.gov/OPUS/getDatasheet.jsp?PID=BBBZ36
NEUMANS COVE,9462948,54.96383885,-163.4423611,-0.058,0,0.354,0.794,0.787,1.233,1.309,BBDN09,https://tidesandcurrents.noaa.gov/datums.html?id=9462948,https://www.ngs.noaa.gov/OPUS/getDatasheet.jsp?PID=BBDN09
"NEWTOK, NINGLIQ RIVER AK",9466563,60.936,-164.6385057,-0.133,0,0.204,1.017,1.034,1.829,1.897,BBHJ87,https://tidesandcurrents.noaa.gov/datums.html?id=9466563,https://www.ngs.noaa.gov/OPUS/getDatasheet.jsp?PID=BBHJ87
Nikiski,9455760,60.68418704,-151.3925963,2.191,0,0.65,3.345,3.442,6.039,6.262,BBBB48,https://tidesandcurrents.noaa.gov/datums.html?id=9455760,https://www.ngs.noaa.gov/OPUS/getDatasheet.jsp?PID=BBBB48
Nikolski,9462450,52.93918282,-168.8712004,0.187,0,0.307,0.712,0.699,1.117,1.219,BBFM08,https://tidesandcurrents.noaa.gov/datums.html?id=9462450,https://www.ngs.noaa.gov/OPUS/getDatasheet.jsp?PID=BBFM08
"Ninilchik, Cook Inlet AK",9455653,60.05145779,-151.6689183,1.896,0,0.595,3.109,3.135,5.622,5.838,BBCM32,https://tidesandcurrents.noaa.gov/datums.html?id=9455653,https://www.ngs.noaa.gov/OPUS/getDatasheet.jsp?PID=BBCM32
"Nome, Norton Sound",9468756,64.50660078,-165.4302096,-0.789,0,0.092,0.25,0.25,0.408,0.465,BBFB37,https://tidesandcurrents.noaa.gov/datums.html?id=9468756,https://www.ngs.noaa.gov/OPUS/getDatasheet.jsp?PID=BBFB37
North Foreland,9455869,61.04619342,-151.1675225,-0.149,0,0.659,3.418,3.506,6.178,6.387,BBBF25,https://tidesandcurrents.noaa.gov/datums.html?id=9455869,https://www.ngs.noaa.gov/OPUS/getDatasheet.jsp?PID=BBBF25
"Northeast Cape, St. Lawrence Island",9468039,63.3357902,-168.9401067,-0.484,0,0.066,0.373,0.383,0.68,0.75,BBCK59,https://tidesandcurrents.noaa.gov/datums.html?id=9468039,https://www.ngs.noaa.gov/OPUS/getDatasheet.jsp?PID=BBCK59
Northern Carroll Inlet GPS Tide Buoy,9450642,55.62833333,-131.3633333,,0,0.488,2.48,2.485,4.472,4.748,,https://tidesandcurrents.noaa.gov/datums.html?id=9450642,
Nossuk Bay,9450711,55.72166667,-133.35,,0,0.418,1.67,1.665,2.922,3.171,,https://tidesandcurrents.noaa.gov/datums.html?id=9450711,
"NUKSHAK ISLAND, SHELIKOF STRAIT",9456717,58.3917,-153.958,,0,0.491,2.23,2.216,3.97,4.21,,https://tidesandcurrents.noaa.gov/datums.html?id=9456717,
Nunam Iqua (Sheldon Point),9467551,62.5329446,-164.8459572,-1.176,0,0.05,0.325,0.32,0.6,0.804,BBCK30,https://tidesandcurrents.noaa.gov/datums.html?id=9467551,https://www.ngs.noaa.gov/OPUS/getDatasheet.jsp?PID=BBCK30
"OLD HARBOR, KODIAK ISLAND",9457527,57.20089125,-153.3071062,0.309,0,0.369,1.355,1.348,2.34,2.534,BBBL05,https://tidesandcurrents.noaa.gov/datums.html?id=9457527,https://www.ngs.noaa.gov/OPUS/getDatasheet.jsp?PID=BBBL05
Outside Lopp Lagoon,9469515,65.72833333,-168.0316667,,0,0.021,0.148,0.145,0.275,0.294,,https://tidesandcurrents.noaa.gov/datums.html?id=9469515,
"Ouzinkie, Spruce Island",9457287,57.92225885,-152.5010017,0.386,0,0.343,1.399,1.407,2.454,2.714,BBBL12,https://tidesandcurrents.noaa.gov/datums.html?id=9457287,https://www.ngs.noaa.gov/OPUS/getDatasheet.jsp?PID=BBBL12
Papke’s Landing,9451346,56.67662595,-132.9338746,1.112,0,0.483,2.604,2.603,4.725,4.997,BBBC61,https://tidesandcurrents.noaa.gov/datums.html?id=9451346,https://www.ngs.noaa.gov/OPUS/getDatasheet.jsp?PID=BBBC61
"Pelican Harbor, Lisianski Inlet, AK",9452611,57.95777412,-136.2270548,0.144,0,0.444,1.704,1.698,2.963,3.234,BBBQ33,https://tidesandcurrents.noaa.gov/datums.html?id=9452611,https://www.ngs.noaa.gov/OPUS/getDatasheet.jsp?PID=BBBQ33
Perch Point,9454561,57.95777778,-136.2267778,,0,0.434,1.852,1.876,3.27,3.571,,https://tidesandcurrents.noaa.gov/datums.html?id=9454561,
PERRY ISLAND (SOUTH BAY),9454721,60.6717,-147.932,,0,0.45,1.902,1.938,3.353,3.643,,https://tidesandcurrents.noaa.gov/datums.html?id=9454721,
"Platinum, AK",9465396,59.04649404,-161.8182654,0.228,0,0.191,1.123,1.173,2.055,2.876,BBDS93,https://tidesandcurrents.noaa.gov/datums.html?id=9465396,https://www.ngs.noaa.gov/OPUS/getDatasheet.jsp?PID=BBDS93
"Point Erlington, Erlington Island",9454814,59.9383,-148.227,,0,0.433,1.719,1.733,3.005,3.299,,https://tidesandcurrents.noaa.gov/datums.html?id=9454814,
"POINT HARRINGTON, CLARENCE STRAIT",9451005,56.1783,-132.697,,0,0.462,2.526,2.516,4.591,4.863,,https://tidesandcurrents.noaa.gov/datums.html?id=9451005,
"POINT HELEN, KNIGHT ISLAND",9454671,60.1533,-147.767,,0,0.458,1.861,1.891,3.264,3.546,,https://tidesandcurrents.noaa.gov/datums.html?id=9454671,
Point Hope,9491873,68.34558467,-166.8070326,-0.94,0,0.03,0.106,0.1,0.182,0.205,UW4742,https://tidesandcurrents.noaa.gov/datums.html?id=9491873,https://www.ngs.noaa.gov/OPUS/getDatasheet.jsp?PID=UW4742
"Point Lay, AK",9493300,69.74494884,-163.0652128,-1.551,,,,0,,,BBBG54,https://tidesandcurrents.noaa.gov/datums.html?id=9493300,https://www.ngs.noaa.gov/OPUS/getDatasheet.jsp?PID=BBBG54
Point Lockwood,9451263,56.55844697,-132.9674373,0.84,0,0.469,2.4,2.355,4.33,4.599,BBFZ11,https://tidesandcurrents.noaa.gov/datums.html?id=9451263,https://www.ngs.noaa.gov/OPUS/getDatasheet.jsp?PID=BBFZ11
Point Possession,9455866,61.03394233,-150.4059883,2.88,0,0.674,4.202,4.348,7.73,7.936,BBBF49,https://tidesandcurrents.noaa.gov/datums.html?id=9455866,https://www.ngs.noaa.gov/OPUS/getDatasheet.jsp?PID=BBBF49
"Point Spencer, Port Clarence",9469237,65.25832313,-166.84731,-0.768,0,0.04,0.201,0.224,0.362,0.391,BBCC44,https://tidesandcurrents.noaa.gov/datums.html?id=9469237,https://www.ngs.noaa.gov/OPUS/getDatasheet.jsp?PID=BBCC44
"Popokamute (Kokokamute), Kuskokwim River",9466057,60.11597308,-162.5025146,0.2,0,0.187,1.453,1.539,2.718,3.359,BBCC54,https://tidesandcurrents.noaa.gov/datums.html?id=9466057,https://www.ngs.noaa.gov/OPUS/getDatasheet.jsp?PID=BBCC54
Port Alexander,9451054,56.24522116,-134.6473815,0.37,0,0.44,1.757,1.749,3.074,3.333,BBDC38,https://tidesandcurrents.noaa.gov/datums.html?id=9451054,https://www.ngs.noaa.gov/OPUS/getDatasheet.jsp?PID=BBDC38
PORT AUDREY,9454673,60.3433,-147.768,,0,0.439,1.85,1.884,3.262,3.529,,https://tidesandcurrents.noaa.gov/datums.html?id=9454673,
Port Chalmers,9454511,60.2418,-147.249,,0,0.445,1.897,1.929,3.349,3.63,,https://tidesandcurrents.noaa.gov/datums.html?id=9454511,
Port Graham,9455437,59.34942246,-151.827552,,0,0.514,2.727,2.74,4.941,5.159,BBBK99,https://tidesandcurrents.noaa.gov/datums.html?id=9455437,https://www.ngs.noaa.gov/OPUS/getDatasheet.jsp?PID=BBBK99
"Port Lions, AK",9457391,57.87347539,-152.8671283,0.408,0,0.35,1.463,1.462,2.576,2.854,BBBL13,https://tidesandcurrents.noaa.gov/datums.html?id=9457391,https://www.ngs.noaa.gov/OPUS/getDatasheet.jsp?PID=BBBL13
Port Mackenzie,9455934,61.26750394,-149.9168614,3.351,0,0.68,4.664,4.952,8.649,8.87,BBFH54,https://tidesandcurrents.noaa.gov/datums.html?id=9455934,https://www.ngs.noaa.gov/OPUS/getDatasheet.jsp?PID=BBFH54
Port Moller,9463502,55.987336,-160.576617,0.961,0,0.663,1.797,1.782,2.931,3.195,BBGZ66,https://tidesandcurrents.noaa.gov/datums.html?id=9463502,https://www.ngs.noaa.gov/OPUS/getDatasheet.jsp?PID=BBGZ66
"PROTECTION POINT, NUSHAGAK BAY",9465056,58.49628958,-158.7134958,1.869,0,0.85,2.854,2.865,4.857,5.404,BBCT76,https://tidesandcurrents.noaa.gov/datums.html?id=9465056,https://www.ngs.noaa.gov/OPUS/getDatasheet.jsp?PID=BBCT76
Provorotni Island,9451936,57.515,-135.555,,0,0.46,2.388,2.418,4.316,4.614,,https://tidesandcurrents.noaa.gov/datums.html?id=9451936,
Prudhoe Bay,9497645,70.40584989,-148.5288433,-0.971,0,0.025,0.103,0.106,0.181,0.214,BBBD22,https://tidesandcurrents.noaa.gov/datums.html?id=9497645,https://www.ngs.noaa.gov/OPUS/getDatasheet.jsp?PID=BBBD22
Puale Bay,9458209,57.7067,-155.393,,0,0.482,1.994,1.976,3.506,3.765,,https://tidesandcurrents.noaa.gov/datums.html?id=9458209,
"Quinhagak (Kwinak), Kushkokwin River",9465831,59.75034055,-161.9152386,0.659,0,0.203,1.578,1.661,2.954,3.636,BBCC59,https://tidesandcurrents.noaa.gov/datums.html?id=9465831,https://www.ngs.noaa.gov/OPUS/getDatasheet.jsp?PID=BBCC59
Ratz Harbor,9450815,55.879358,-132.596497,2.385,0,0.473,2.53,2.529,4.586,4.851,BBGN71,https://tidesandcurrents.noaa.gov/datums.html?id=9450815,https://www.ngs.noaa.gov/OPUS/getDatasheet.jsp?PID=BBGN71
"Red Bluff Bay, Baranof Island",9451467,56.85666667,-134.7233333,,0,0.465,2.048,2.069,3.631,3.904,,https://tidesandcurrents.noaa.gov/datums.html?id=9451467,
Red Dog Dock,9491094,67.5770512,-164.0612569,-0.849,0,0.046,0.155,0.15,0.263,0.307,BBBD23,https://tidesandcurrents.noaa.gov/datums.html?id=9491094,https://www.ngs.noaa.gov/OPUS/getDatasheet.jsp?PID=BBBD23
Reef Bight,9462662,54.13072928,-166.0993574,-0.07,0,0.296,0.652,0.614,1.008,1.098,BBBG33,https://tidesandcurrents.noaa.gov/datums.html?id=9462662,https://www.ngs.noaa.gov/OPUS/getDatasheet.jsp?PID=BBBG33
"REEF POINT, STIKINE STRAIT",9451124,56.3533,-132.553,,0,0.457,2.525,2.511,4.592,4.863,,https://tidesandcurrents.noaa.gov/datums.html?id=9451124,
Rootok Island,9462723,54.05220054,-165.5139815,0.106,0,0.374,0.874,0.864,1.374,1.543,BBCT67,https://tidesandcurrents.noaa.gov/datums.html?id=9462723,https://www.ngs.noaa.gov/OPUS/getDatasheet.jsp?PID=BBCT67
"Saginaw Bay, Kuiu Island",9451497,56.90333333,-134.3030556,,0,0.465,2.197,2.215,3.928,4.185,,https://tidesandcurrents.noaa.gov/datums.html?id=9451497,
Saltery Cove,9450495,55.4017,-132.328,,0,0.485,2.477,2.473,4.469,4.746,,https://tidesandcurrents.noaa.gov/datums.html?id=9450495,
Sand Point,9459450,55.331617,-160.504174,0.293,0,0.406,1.197,1.181,1.988,2.204,DP6875,https://tidesandcurrents.noaa.gov/datums.html?id=9459450,https://www.ngs.noaa.gov/OPUS/getDatasheet.jsp?PID=DP6875
Savoonga,9468258,63.67909615,-170.53712,-0.482,0,0.079,0.393,0.39,0.706,0.781,BBCN78,https://tidesandcurrents.noaa.gov/datums.html?id=9468258,https://www.ngs.noaa.gov/OPUS/getDatasheet.jsp?PID=BBCN78
"Scotch Cap, Unimak Island, AK",9462808,54.39420744,-164.73978,0.373,0,0.494,1.104,1.103,1.715,1.883,BBBH99,https://tidesandcurrents.noaa.gov/datums.html?id=9462808,https://www.ngs.noaa.gov/OPUS/getDatasheet.jsp?PID=BBBH99
Scraggy Island,9451805,57.34,-135.707,,0,0.457,1.618,1.609,2.779,3.037,,https://tidesandcurrents.noaa.gov/datums.html?id=9451805,
"SE Tigalda Island, Pacific Ocean",9462786,54.10190247,-164.9393732,0.098,0,0.403,0.919,0.901,1.434,1.614,BBDC13,https://tidesandcurrents.noaa.gov/datums.html?id=9462786,https://www.ngs.noaa.gov/OPUS/getDatasheet.jsp?PID=BBDC13
SEAL ISLAND,9454564,60.425,-147.41,,0,0.451,1.884,1.922,3.317,3.592,,https://tidesandcurrents.noaa.gov/datums.html?id=9454564,
Security Bay GPS Buoy,9451454,56.83833333,-134.3266667,,0,0.447,2.092,2.091,3.738,3.984,,https://tidesandcurrents.noaa.gov/datums.html?id=9451454,
Seldovia,9455500,59.44052778,-151.7199444,1.573,0,0.517,2.884,2.912,5.252,5.499,BBGM75,https://tidesandcurrents.noaa.gov/datums.html?id=9455500,https://www.ngs.noaa.gov/OPUS/getDatasheet.jsp?PID=BBGM75
Sergius Narrows,9451853,57.41,-135.627,,0,0.471,2.09,2.122,3.709,3.973,,https://tidesandcurrents.noaa.gov/datums.html?id=9451853,
Seward,9455090,60.12197049,-149.4345362,0.07,0,0.421,1.691,1.694,2.96,3.239,BBFH75,https://tidesandcurrents.noaa.gov/datums.html?id=9455090,https://www.ngs.noaa.gov/OPUS/getDatasheet.jsp?PID=BBFH75
SHAKAN STRAIT (NORTHEAST END),9450987,56.14756367,-133.4622237,0.454,0,0.423,1.835,1.837,3.248,3.502,BBFP35,https://tidesandcurrents.noaa.gov/datums.html?id=9450987,https://www.ngs.noaa.gov/OPUS/getDatasheet.jsp?PID=BBFP35
Shaktoolik,9468691,64.37990697,-161.2357477,-0.714,0,0.19,0.56,0.509,0.931,1.138,BBBZ37,https://tidesandcurrents.noaa.gov/datums.html?id=9468691,https://www.ngs.noaa.gov/OPUS/getDatasheet.jsp?PID=BBBZ37
Shinaku Inlet,9450618,55.59291667,-133.152,,0,0.416,1.614,1.613,2.812,3.077,,https://tidesandcurrents.noaa.gov/datums.html?id=9450618,
Shishmaref Inlet 2,9469854,66.26413869,-166.0207497,-0.756,0,0.033,0.149,0.156,0.265,0.314,BBBH56,https://tidesandcurrents.noaa.gov/datums.html?id=9469854,https://www.ngs.noaa.gov/OPUS/getDatasheet.jsp?PID=BBBH56
Shishmaref Inlet Inside,9469804,66.17,-166.207,,0,0.041,0.125,0.13,0.21,0.274,,https://tidesandcurrents.noaa.gov/datums.html?id=9469804,
Sitka,9451600,57.05052244,-135.3387925,0.15,0,0.445,1.618,1.61,2.791,3.029,BBBB42,https://tidesandcurrents.noaa.gov/datums.html?id=9451600,https://www.ngs.noaa.gov/OPUS/getDatasheet.jsp?PID=BBBB42
Sitkalidak Island GPS Tide Buoy,9457512,56.965,-153.2516667,,0,0.345,1.326,1.325,2.307,2.493,,https://tidesandcurrents.noaa.gov/datums.html?id=9457512,
"Skagway, Taiya Inlet",9452400,59.45001361,-135.3291825,1.441,0,0.495,2.645,2.693,4.795,5.101,BBCT97,https://tidesandcurrents.noaa.gov/datums.html?id=9452400,https://www.ngs.noaa.gov/OPUS/getDatasheet.jsp?PID=BBCT97
"Snag Point, Dillingham",9465374,59.03792808,-158.4608012,1.954,0,0.705,3.232,3.303,5.757,6.291,BBBF17,https://tidesandcurrents.noaa.gov/datums.html?id=9465374,https://www.ngs.noaa.gov/OPUS/getDatasheet.jsp?PID=BBBF17
Snug Harbor,9454662,60.25,-147.717,,0,0.449,1.846,1.876,3.244,3.515,,https://tidesandcurrents.noaa.gov/datums.html?id=9454662,
"SOUTH ARM, KNIGHT ISLAND, BAY OF ISLES",9454652,60.3667,-147.7,,0,0.467,1.903,1.94,3.34,3.62,,https://tidesandcurrents.noaa.gov/datums.html?id=9454652,
Steamboat Bay,9450578,55.5333,-133.637,,0,0.415,1.659,1.653,2.902,3.149,,https://tidesandcurrents.noaa.gov/datums.html?id=9450578,
"STEBBINS, NORTON SOUND, EAST AK",9468151,63.516937,-162.287781,-0.637,0,0.072,0.404,0.371,0.735,0.81,BBGW93,https://tidesandcurrents.noaa.gov/datums.html?id=9468151,https://www.ngs.noaa.gov/OPUS/getDatasheet.jsp?PID=BBGW93
"Surf Bay, Akutan Bay",9462711,54.14957276,-165.6161575,-0.051,0,0.304,0.681,0.667,1.058,1.147,BBCL54,https://tidesandcurrents.noaa.gov/datums.html?id=9462711,https://www.ngs.noaa.gov/OPUS/getDatasheet.jsp?PID=BBCL54
SW Terror Bay,9457493,57.73174327,-153.2229771,1.19,0,0.503,2.27,2.253,4.038,4.313,BBDR11,https://tidesandcurrents.noaa.gov/datums.html?id=9457493,https://www.ngs.noaa.gov/OPUS/getDatasheet.jsp?PID=BBDR11
SWANSON HARBOR,9452368,58.215,-135.127,,0,0.482,2.417,2.451,4.352,4.662,,https://tidesandcurrents.noaa.gov/datums.html?id=9452368,
TAIYASANKA HARBOR,9452434,59.3017,-135.428,,0,0.493,2.651,2.706,4.81,5.103,,https://tidesandcurrents.noaa.gov/datums.html?id=9452434,
"TAKLI ISLAND, SHELIKOF STRAIT",9456992,58.0633,-154.477,0.851,0,0.519,2.187,,3.855,4.142,BBGP55,https://tidesandcurrents.noaa.gov/datums.html?id=9456992,https://www.ngs.noaa.gov/OPUS/getDatasheet.jsp?PID=BBGP55
TAKU HARBOR,9452123,58.0683,-134.012,,0,0.496,2.519,2.552,4.542,4.81,,https://tidesandcurrents.noaa.gov/datums.html?id=9452123,
"Target Island, Mitchell Bay",9451953,57.53991847,-134.4250854,,0,0.322,1.73,1.743,3.138,3.416,BBBF91,https://tidesandcurrents.noaa.gov/datums.html?id=9451953,https://www.ngs.noaa.gov/OPUS/getDatasheet.jsp?PID=BBBF91
"Tarr Inlet, Glacier Bay",9452749,58.96462996,-136.8783109,1.317,0,0.528,2.676,2.676,4.824,5.108,BBBN62,https://tidesandcurrents.noaa.gov/datums.html?id=9452749,https://www.ngs.noaa.gov/OPUS/getDatasheet.jsp?PID=BBBN62
"TELLER, PORT CLARENCE",9469239,65.26619695,-166.3624636,-0.792,0,0.082,0.204,0.184,0.326,0.36,BBBH58,https://tidesandcurrents.noaa.gov/datums.html?id=9469239,https://www.ngs.noaa.gov/OPUS/getDatasheet.jsp?PID=BBBH58
"THE BROTHERS, STEPHENS PASSAGE",9451785,57.295,-133.797,,0,0.475,2.357,2.374,4.238,4.522,,https://tidesandcurrents.noaa.gov/datums.html?id=9451785,
The Summit,9451349,56.68175397,-133.7367987,1.024,0,0.492,2.429,2.449,4.365,4.631,BBBG28,https://tidesandcurrents.noaa.gov/datums.html?id=9451349,https://www.ngs.noaa.gov/OPUS/getDatasheet.jsp?PID=BBBG28
Thoms Point,9450970,56.1183,-132.078,,0,0.474,2.592,2.59,4.71,4.978,,https://tidesandcurrents.noaa.gov/datums.html?id=9450970,
Thorne Island,9450938,56.0583,-132.968,,0,0.469,2.534,2.519,4.599,4.861,,https://tidesandcurrents.noaa.gov/datums.html?id=9450938,
"Tigalda Bay, Tigalda Island",9462782,54.11810149,-164.9763576,-0.334,0,0.042,0.48,0.492,0.918,0.954,BBCD10,https://tidesandcurrents.noaa.gov/datums.html?id=9462782,https://www.ngs.noaa.gov/OPUS/getDatasheet.jsp?PID=BBCD10
"Tin City, Bering Sea",9469439,65.55910523,-167.9789892,-0.81,0,0.03,0.141,0.144,0.252,0.311,BBCC46,https://tidesandcurrents.noaa.gov/datums.html?id=9469439,https://www.ngs.noaa.gov/OPUS/getDatasheet.jsp?PID=BBCC46
"Trident Bay, Akun Island",9462721,54.13883861,-165.5261369,-0.022,0,0.17,0.653,0.674,1.136,1.259,BBCL02,https://tidesandcurrents.noaa.gov/datums.html?id=9462721,https://www.ngs.noaa.gov/OPUS/getDatasheet.jsp?PID=BBCL02
Trocadero Bay,9450463,55.35181499,-132.9383878,0.346,0,0.413,1.619,1.612,2.825,3.073,BBBJ74,https://tidesandcurrents.noaa.gov/datums.html?id=9450463,https://www.ngs.noaa.gov/OPUS/getDatasheet.jsp?PID=BBBJ74
"TUNTUTULIAK, QINAQ RIVER AK",9466197,60.34350516,-162.6841532,-0.438,0,0.144,1.004,1.118,1.863,2.327,BBHJ48,https://tidesandcurrents.noaa.gov/datums.html?id=9466197,https://www.ngs.noaa.gov/OPUS/getDatasheet.jsp?PID=BBHJ48
Turn Point,9451434,56.79940675,-132.9816929,1.058,0,0.458,2.543,2.542,4.628,4.898,BBBC62,https://tidesandcurrents.noaa.gov/datums.html?id=9451434,https://www.ngs.noaa.gov/OPUS/getDatasheet.jsp?PID=BBBC62
Unalakleet,9468333,63.87059211,-160.7852891,-0.819,0,0.068,0.39,0.363,0.713,0.792,BBCK34,https://tidesandcurrents.noaa.gov/datums.html?id=9468333,https://www.ngs.noaa.gov/OPUS/getDatasheet.jsp?PID=BBCK34
Unalaska,9462620,53.87750747,-166.5389741,-0.042,0,0.283,0.647,0.635,1.011,1.098,BBFR76,https://tidesandcurrents.noaa.gov/datums.html?id=9462620,https://www.ngs.noaa.gov/OPUS/getDatasheet.jsp?PID=BBFR76
UNAVIKSHAK ISLAND,9458762,56.4917,-157.74,,0,0.419,1.464,1.435,2.51,2.767,,https://tidesandcurrents.noaa.gov/datums.html?id=9458762,
UPPER NORTHWESTERN FIORD,9455204,59.790059,-150.031862,-0.21,0,0.413,1.722,1.729,3.031,3.303,BBHM40,https://tidesandcurrents.noaa.gov/datums.html?id=9455204,https://www.ngs.noaa.gov/OPUS/getDatasheet.jsp?PID=BBHM40
Uzkosti Point,9457376,57.92689804,-152.8108388,-1.537,0,0.516,1.838,1.851,3.16,3.446,BBDP10,https://tidesandcurrents.noaa.gov/datums.html?id=9457376,https://www.ngs.noaa.gov/OPUS/getDatasheet.jsp?PID=BBDP10
Valdez,9454240,61.12572109,-146.3563743,0.404,0,0.46,1.938,1.979,3.416,3.702,BBFQ81,https://tidesandcurrents.noaa.gov/datums.html?id=9454240,https://www.ngs.noaa.gov/OPUS/getDatasheet.jsp?PID=BBFQ81
"Village Cove, St Paul Island",9464212,57.123847,-170.284702,-0.2,0,0.28,0.596,0.573,0.912,0.986,BBGM90,https://tidesandcurrents.noaa.gov/datums.html?id=9464212,https://www.ngs.noaa.gov/OPUS/getDatasheet.jsp?PID=BBGM90
Village Rock,9451037,56.22,-132.297,,0,0.463,2.559,2.549,4.655,4.915,,https://tidesandcurrents.noaa.gov/datums.html?id=9451037,
Wainwright Inlet,9494168,70.59985802,-160.117818,-1.056,,,,0,,,BBBG53,https://tidesandcurrents.noaa.gov/datums.html?id=9494168,https://www.ngs.noaa.gov/OPUS/getDatasheet.jsp?PID=BBBG53
"WAINWRIGHT, CHUKCHI SEA AK",9494212,70.64011355,-160.0333772,-0.907,0,0.021,0.057,0.088,0.136,0.141,BBHM26,https://tidesandcurrents.noaa.gov/datums.html?id=9494212,https://www.ngs.noaa.gov/OPUS/getDatasheet.jsp?PID=BBHM26
West Raspberry Island,9457535,58.11012451,-153.3386131,1.304,0,0.5,2.261,2.241,4.021,4.279,BBDS43,https://tidesandcurrents.noaa.gov/datums.html?id=9457535,https://www.ngs.noaa.gov/OPUS/getDatasheet.jsp?PID=BBDS43
"WHITESTONE NARROWS, Neva Strait",9451741,57.24449073,-135.5622267,0.163,0,0.448,1.633,1.622,2.818,3.057,UV0936,https://tidesandcurrents.noaa.gov/datums.html?id=9451741,https://www.ngs.noaa.gov/OPUS/getDatasheet.jsp?PID=UV0936
Whittier,9454949,60.77696904,-148.6946521,0.129,0,0.454,1.944,1.988,3.434,3.715,BBFH95,https://tidesandcurrents.noaa.gov/datums.html?id=9454949,https://www.ngs.noaa.gov/OPUS/getDatasheet.jsp?PID=BBFH95
Wooded Island,9454562,59.87471859,-147.4044879,,0,0.438,1.642,1.645,2.846,3.121,BBFM33,https://tidesandcurrents.noaa.gov/datums.html?id=9454562,https://www.ngs.noaa.gov/OPUS/getDatasheet.jsp?PID=BBFM33
Wrangell,9451204,56.4722753,-132.3835925,1.051,0,0.46,2.528,2.519,4.595,4.864,BBDG97,https://tidesandcurrents.noaa.gov/datums.html?id=9451204,https://www.ngs.noaa.gov/OPUS/getDatasheet.jsp?PID=BBDG97
"Yakutat, Yakutat Bay",9453220,59.54542408,-139.7272384,0.189,0,0.425,1.616,1.615,2.807,3.07,BBBD27,https://tidesandcurrents.noaa.gov/datums.html?id=9453220,https://www.ngs.noaa.gov/OPUS/getDatasheet.jsp?PID=BBBD27
YOUNG BAY,9452249,58.1833,-134.587,,0,0.486,2.588,2.627,4.689,4.996,,https://tidesandcurrents.noaa.gov/datums.html?id=9452249,
"ZACHARY BAY, UNGA IS (N. SIDE)",9459465,55.346,-160.632,,0,0.406,1.225,1.21,2.044,2.265,,https://tidesandcurrents.noaa.gov/datums.html?id=9459465,
